3685	quan-ao-bong-da-khong-logo-apex-mau-do-do	Quần Áo Bóng Đá Không Logo Apex Màu Đỏ Đô	https://static.x24sport.vn/mayaobongda/wp-961-Quan-Ao-Bong-Da-Khong-Logo-Apex-Mau-Do-Do.jpg
3686	quan-ao-bong-da-khong-logo-apex-mau-hong	Quần Áo Bóng Đá Không Logo Apex Màu Hồng	https://static.x24sport.vn/mayaobongda/wp-964-Quan-Ao-Bong-Da-Khong-Logo-Apex-Mau-Hong.jpg
3687	quan-ao-bong-da-khong-logo-mau-tim	Quần Áo Bóng Đá Không Logo Màu Tím	https://static.x24sport.vn/mayaobongda/wp-966-Quan-Ao-Bong-Da-Khong-Logo-Apex-Mau-Tim.jpg
3688	quan-ao-bong-da-khong-logo-apex-mau-xanh-bich	Quần Áo Bóng Đá Không Logo Apex Màu Xanh Bích	https://static.x24sport.vn/mayaobongda/wp-969-Quan-Ao-Bong-Da-Khong-Logo-Apex-Mau-Xanh-Bich.jpg
3689	quan-ao-bong-da-khong-logo-apex-mau-xanh-ket	Quần Áo Bóng Đá Không Logo Apex Màu Xanh Két	https://static.x24sport.vn/mayaobongda/wp-971-Quan-Ao-Bong-Da-Khong-Logo-Apex-Mau-Xanh-Ket.jpg
3690	quan-ao-bong-da-khong-logo-grave-mau-cam	Quần Áo Bóng Đá Không Logo Grave Màu Cam	https://static.x24sport.vn/mayaobongda/wp-973-Quan-Ao-Bong-Da-Khong-Logo-Grave-Mau-Cam.jpg
3691	quan-ao-bong-da-khong-logo-grave-mau-do	Quần Áo Bóng Đá Không Logo Grave Màu Đỏ	https://static.x24sport.vn/mayaobongda/wp-975-Quan-Ao-Bong-Da-Khong-Logo-Grave-Mau-Do.jpg
3692	quan-ao-bong-da-khong-logo-grave-mau-kem	Quần Áo Bóng Đá Không Logo Grave Màu Kem	https://static.x24sport.vn/mayaobongda/wp-977-Quan-Ao-Bong-Da-Khong-Logo-Grave-Mau-Kem.jpg
3693	quan-ao-bong-da-khong-logo-grave-mau-trang	Quần Áo Bóng Đá Không Logo Grave Màu Trắng	https://static.x24sport.vn/mayaobongda/wp-979-Quan-Ao-Bong-Da-Khong-Logo-Grave-Mau-Trang.jpg
3694	quan-ao-bong-da-khong-logo-grave-mau-vang	Quần Áo Bóng Đá Không Logo Grave Màu Vàng	https://static.x24sport.vn/mayaobongda/wp-982-Quan-Ao-Bong-Da-Khong-Logo-Grave-Mau-Vang.jpg
3695	quan-ao-bong-da-khong-logo-grave-mau-xanh-bich	Quần Áo Bóng Đá Không Logo Grave Màu Xanh Bích	https://static.x24sport.vn/mayaobongda/wp-984-Quan-Ao-Bong-Da-Khong-Logo-Grave-Mau-Xanh-Bich.jpg
3696	quan-ao-bong-da-khong-logo-grave-mau-xanh-ngoc	Quần Áo Bóng Đá Không Logo Grave Màu Xanh Ngọc	https://static.x24sport.vn/mayaobongda/wp-986-Quan-Ao-Bong-Da-Khong-Logo-Grave-Mau-Xanh-Ngoc.jpg
3697	quan-ao-bong-da-khong-logo-grave-mau-xanh-ya	Quần Áo Bóng Đá Không Logo Grave Màu Xanh Ya	https://static.x24sport.vn/mayaobongda/wp-988-Quan-Ao-Bong-Da-Khong-Logo-Grave-Mau-Xanh-Ya.jpg
3698	quan-ao-bong-da-khong-logo-roar-mau-cam	Quần Áo Bóng Đá Không Logo Roar Màu Cam	https://static.x24sport.vn/mayaobongda/wp-990-Quan-Ao-Bong-Da-Khong-Logo-Roar-Mau-Cam.jpg
3699	quan-ao-bong-da-khong-logo-roar-mau-do	Quần Áo Bóng Đá Không Logo Roar Màu Đỏ	https://static.x24sport.vn/mayaobongda/wp-992-Quan-Ao-Bong-Da-Khong-Logo-Roar-Mau-Do.jpg
3700	quan-ao-bong-da-khong-logo-roar-mau-trang	Quần Áo Bóng Đá Không Logo Roar Màu Trắng	https://static.x24sport.vn/mayaobongda/wp-994-Quan-Ao-Bong-Da-Khong-Logo-Roar-Mau-Trang.jpg
3701	quan-ao-bong-da-khong-logo-roar-mau-xanh-bich	Quần Áo Bóng Đá Không Logo Roar Màu Xanh Bích	https://static.x24sport.vn/mayaobongda/wp-1012-Quan-Ao-Bong-Da-Khong-Logo-Roar-Mau-Xanh-Bich.jpg
3702	quan-ao-bong-da-khong-logo-roar-mau-xanh-la	Quần Áo Bóng Đá Không Logo Roar Màu Xanh Lá	https://static.x24sport.vn/mayaobongda/wp-997-Quan-Ao-Bong-Da-Khong-Logo-Roar-Mau-Xanh-La.jpg
3703	quan-ao-bong-da-khong-logo-roar-mau-xanh-ngoc	Quần Áo Bóng Đá Không Logo Roar Màu Xanh Ngọc	https://static.x24sport.vn/mayaobongda/wp-999-Quan-Ao-Bong-Da-Khong-Logo-Roar-Mau-Xanh-Ngoc.jpg
3705	quan-ao-bong-da-khong-logo-rush-mau-kem	Quần Áo Bóng Đá Không Logo Rush Màu Kem	https://static.x24sport.vn/mayaobongda/wp-1002-Quan-Ao-Bong-Da-Khong-Logo-Rush-Mau-Kem.jpg
3704	quan-ao-bong-da-khong-logo-rush-mau-do	Quần Áo Bóng Đá Không Logo Rush Màu Đỏ	https://static.x24sport.vn/mayaobongda/wp-1003-Quan-Ao-Bong-Da-Khong-Logo-Rush-Mau-Do.jpg
3706	quan-ao-bong-da-khong-logo-rush-mau-xanh-bich	Quần Áo Bóng Đá Không Logo Rush Màu Xanh Bích	https://static.x24sport.vn/mayaobongda/wp-1005-Quan-Ao-Bong-Da-Khong-Logo-Rush-Mau-Xanh-Bich.jpg
3707	quan-ao-bong-da-khong-logo-rush-mau-xanh-ngoc	Quần Áo Bóng Đá Không Logo Rush Màu Xanh Ngọc	https://static.x24sport.vn/mayaobongda/wp-1008-Quan-Ao-Bong-Da-Khong-Logo-Rush-Mau-Xanh-Ngoc.jpg
3708	quan-ao-bong-da-khong-logo-rush-mau-xanh-ya	Quần Áo Bóng Đá Không Logo Rush Màu Xanh Ya	https://static.x24sport.vn/mayaobongda/wp-1009-Quan-Ao-Bong-Da-Khong-Logo-Rush-Mau-Xanh-Ya.jpg
