3768	ao-the-thao-stormy-x24-sport-mau-hong-nhat-nang-dong	Áo Thể Thao Stormy X24 Sport – Màu Hồng Nhật Năng Động	https://static.x24sport.vn/mayaobongda/wp-1351-ao-bong-da-phong-cach.jpg
3767	ao-bong-da-nhom-mau-vang-noi-bat	Áo Bóng Đá Nhóm Màu Vàng Nổi Bật	https://static.x24sport.vn/mayaobongda/wp-1349-ao-bong-da-nhom.jpg
3766	ao-bong-da-mau-kem-shadow-x24-sport-wear	Áo bóng đá màu kem SHADOW – X24 Sport Wear	https://static.x24sport.vn/mayaobongda/wp-1347-ao-bong-da-mau-kem.jpg
3765	ao-bong-da-x24-sport-stormy-do-ca-tinh	Áo Bóng Đá X24 SPORT STORMY – Đỏ Cá Tính	https://static.x24sport.vn/mayaobongda/wp-1345-ao-bong-da-mau-do.jpg
3764	ao-the-thao-x24-lunes-mau-vang-nhat-nang-dong-noi-bat	Áo thể thao X24 LUNES màu vàng nhạt – Năng động & nổi bật	https://static.x24sport.vn/mayaobongda/wp-1343-ao-bong-da-khong-logo-vai-dep.jpg
3773	ao-the-thao-x24-forza-do-nang-dong	Áo Thể Thao X24 FORZA Đỏ Năng Động	https://static.x24sport.vn/mayaobongda/wp-1365-ao-bong-da-thiet-ke-dep-1.jpg
3772	ao-bong-da-thiet-ke-stormy-x24-sport-trang-tim-than	Áo bóng đá thiết kế STORMY X24 SPORT Trắng Tím Than	https://static.x24sport.vn/mayaobongda/wp-1360-ao-bong-da-thiet-ke-club.jpg
3771	ao-bong-da-thiet-ke-x24-forza-mau-vang-nghe	Áo Bóng Đá Thiết Kế X24 FORZA Màu Vàng Nghệ	https://static.x24sport.vn/mayaobongda/wp-1358-ao-bong-da-thiet-ke-ca-nhan.jpg
3780	ao-bong-da-x24-mau-do-do-bo-suu-tap-flash	Áo Bóng Đá X24 Màu Đỏ Đô – Bộ Sưu Tập FLASH	https://static.x24sport.vn/mayaobongda/wp-1389-ao-da-banh-gia-re.jpg
3779	ao-bong-da-x24-shadow-mau-xanh-ya-nang-dong-manh-me-tren-tung-duong-chay	Áo Bóng Đá X24 Shadow Màu Xanh Ya – Năng Động, Mạnh Mẽ Trên Từng Đường Chạy	https://static.x24sport.vn/mayaobongda/wp-1387-ao-da-banh-dep.jpg
3778	ao-the-thao-x24-flash-xanh-ya-nang-dong	Áo Thể Thao X24 FLASH – Xanh Ya Năng Động	https://static.x24sport.vn/mayaobongda/wp-1385-ao-bong-da-training-1.jpg
3777	ao-the-thao-vang-nghe-phoi-do-thiet-ke-tre-trung-noi-bat-va-nang-dong	Áo thể thao vàng nghệ phối đỏ – Thiết kế trẻ trung, nổi bật và năng động	https://static.x24sport.vn/mayaobongda/wp-1381-ao-bong-da-thiet-ke-theo-yeu-cau-1.jpg
3776	ao-bong-da-x24-sport-mau-stormy-do-do	Áo bóng đá X24 SPORT – Mẫu STORMY đỏ đô	https://static.x24sport.vn/mayaobongda/wp-1377-ao-bong-da-thiet-ke-rieng-1.jpg
3775	ao-bong-da-stormy-x24-sport-mau-kem	Áo Bóng Đá Stormy X24 Sport Màu Kem	https://static.x24sport.vn/mayaobongda/wp-1372-ao-bong-da-thiet-ke-moi.jpg
3785	ao-bong-da-khong-logo-x24-eagle-vang-tuoi-noi-bat	Áo bóng đá không logo X24 EAGLE – Vàng tươi nổi bật	https://static.x24sport.vn/mayaobongda/wp-1408-ao-bong-da-khong-logo-sinh-vien-1.jpg
3784	ao-bong-da-vanta-xanh-bich-vien-trang-x24-sports	Áo bóng đá VANTA xanh bích viền trắng – X24 Sports	https://static.x24sport.vn/mayaobongda/wp-1404-ao-bong-da-khong-logo-phui-1.jpg
3783	ao-bong-da-x24-vanta-mau-kem-sang-trong-va-manh-me-cho-moi-san-choi	Áo bóng đá X24 VANTA màu kem – Sang trọng và mạnh mẽ cho mọi sân chơi	https://static.x24sport.vn/mayaobongda/wp-1400-ao-bong-da-khong-logo-gia-re-1.jpg
3782	ao-bong-da-x24-forza-vang-tuoi-nang-dong-ca-tinh	Áo Bóng Đá X24 FORZA Vàng Tươi – Năng Động & Cá Tính	https://static.x24sport.vn/mayaobongda/wp-1396-ao-bong-da-in-ten-so-1.jpg
3781	ao-the-thao-x24-sports-mau-hong-pastel-nang-dong	Áo Thể Thao X24 Sports Màu Hồng Pastel Năng Động	https://static.x24sport.vn/mayaobongda/wp-1392-ao-da-banh-team-1.jpg
3660	may-ao-bong-da-chuyen-nghiep-mabd-125	May Áo Bóng Đá Chuyên Nghiệp – MABD 125	https://static.x24sport.vn/mayaobongda/wp-900-may-ao-bong-da-chuyen-nghiep-MABD-125.jpg
3661	may-ao-bong-da-dep-mabd-126	May Áo Bóng Đá Đẹp – MABD 126	https://static.x24sport.vn/mayaobongda/wp-903-may-ao-bong-da-dep-MABD-126.jpg
3662	may-ao-bong-da-gia-re-mabd-127	May Áo Bóng Đá Giá Rẻ – MABD 127	https://static.x24sport.vn/mayaobongda/wp-905-may-ao-bong-da-gia-re-MABD-127.jpg
3663	may-ao-bong-da-gia-si-mabd-128	May Áo Bóng Đá Giá Sỉ – MABD 128	https://static.x24sport.vn/mayaobongda/wp-907-may-ao-bong-da-gia-si-MABD-128.jpg
3683	xuong-may-ao-bong-da-mabd-148	Xưởng May Áo Bóng Đá – MABD 148	https://static.x24sport.vn/mayaobongda/wp-955-xuong-may-ao-bong-da-MABD-148.jpg
