sourceProductId	targetSlug	targetName	targetSku	sourceImageUrl	targetImageFile
4009	ao-bong-da-tre-em-x24-bd-164fbf-do-do-001	Áo bóng đá trẻ em mẫu thiết kế riêng màu Đỏ đô	X24-BD-DBX-KID-001	https://static.x24sport.vn/mayaobongro/ao-bong-ro-tre-em-x24-br-164fbf-do-do-001.webp	ao-bong-da-tre-em-x24-bd-164fbf-do-do-001.webp
4010	ao-bong-da-tre-em-x24-bd-ea5953-tim-than-002	Áo bóng đá trẻ em mẫu thiết kế riêng màu Tím than	X24-BD-DBX-KID-002	https://static.x24sport.vn/mayaobongro/ao-bong-ro-tre-em-x24-br-ea5953-tim-than-002.webp	ao-bong-da-tre-em-x24-bd-ea5953-tim-than-002.webp
4011	ao-bong-da-tre-em-x24-bd-b8bb22-xanh-bich-003	Áo bóng đá trẻ em mẫu thiết kế riêng màu Xanh bích	X24-BD-DBX-KID-003	https://static.x24sport.vn/mayaobongro/ao-bong-ro-tre-em-x24-br-b8bb22-xanh-bich-003.webp	ao-bong-da-tre-em-x24-bd-b8bb22-xanh-bich-003.webp
4012	ao-bong-da-tre-em-x24-bd-450760-xanh-la-004	Áo bóng đá trẻ em mẫu thiết kế riêng màu Xanh lá	X24-BD-DBX-KID-004	https://static.x24sport.vn/mayaobongro/ao-bong-ro-tre-em-x24-br-450760-xanh-la-004.webp	ao-bong-da-tre-em-x24-bd-450760-xanh-la-004.webp
4013	ao-bong-da-tre-em-x24-bd-93b132-kem-005	Áo bóng đá trẻ em mẫu thiết kế riêng màu Kem	X24-BD-DBX-KID-005	https://static.x24sport.vn/mayaobongro/ao-bong-ro-tre-em-x24-br-93b132-kem-005.webp	ao-bong-da-tre-em-x24-bd-93b132-kem-005.webp
4014	ao-bong-da-tre-em-x24-bd-a6f568-den-006	Áo bóng đá trẻ em mẫu thiết kế riêng màu Đen	X24-BD-DBX-KID-006	https://static.x24sport.vn/mayaobongro/ao-bong-ro-tre-em-x24-br-a6f568-den-006.webp	ao-bong-da-tre-em-x24-bd-a6f568-den-006.webp
4015	ao-bong-da-tre-em-x24-bd-3e6f55-tim-than-007	Áo bóng đá trẻ em mẫu thiết kế riêng màu Tím than	X24-BD-DBX-KID-007	https://static.x24sport.vn/mayaobongro/ao-bong-ro-tre-em-x24-br-3e6f55-tim-than-007.webp	ao-bong-da-tre-em-x24-bd-3e6f55-tim-than-007.webp
4016	ao-bong-da-tre-em-x24-bd-de6f60-xanh-bich-008	Áo bóng đá trẻ em mẫu thiết kế riêng màu Xanh bích	X24-BD-DBX-KID-008	https://static.x24sport.vn/mayaobongro/ao-bong-ro-tre-em-x24-br-de6f60-xanh-bich-008.webp	ao-bong-da-tre-em-x24-bd-de6f60-xanh-bich-008.webp
4017	ao-bong-da-tre-em-x24-bd-b8ca95-cam-009	Áo bóng đá trẻ em mẫu thiết kế riêng Rocket màu Cam	X24-BD-DBX-KID-009	https://static.x24sport.vn/mayaobongro/ao-bong-ro-tre-em-x24-br-b8ca95-cam-009.webp	ao-bong-da-tre-em-x24-bd-b8ca95-cam-009.webp
4018	ao-bong-da-tre-em-x24-bd-1119bf-den-010	Áo bóng đá trẻ em mẫu thiết kế riêng Rocket màu Đen	X24-BD-DBX-KID-010	https://static.x24sport.vn/mayaobongro/ao-bong-ro-tre-em-x24-br-1119bf-den-010.webp	ao-bong-da-tre-em-x24-bd-1119bf-den-010.webp
4019	ao-bong-da-tre-em-x24-bd-98c13d-hong-011	Áo bóng đá trẻ em mẫu thiết kế riêng Rocket màu Hồng	X24-BD-DBX-KID-011	https://static.x24sport.vn/mayaobongro/ao-bong-ro-tre-em-x24-br-98c13d-hong-011.webp	ao-bong-da-tre-em-x24-bd-98c13d-hong-011.webp
4020	ao-bong-da-tre-em-x24-bd-82c3aa-xanh-ngoc-012	Áo bóng đá trẻ em mẫu thiết kế riêng Rocket màu Xanh ngọc	X24-BD-DBX-KID-012	https://static.x24sport.vn/mayaobongro/ao-bong-ro-tre-em-x24-br-82c3aa-xanh-ngoc-012.webp	ao-bong-da-tre-em-x24-bd-82c3aa-xanh-ngoc-012.webp
4021	ao-bong-da-tre-em-x24-bd-23d3a2-xanh-duong-013	Áo bóng đá trẻ em mẫu thiết kế riêng Rocket màu Xanh dương	X24-BD-DBX-KID-013	https://static.x24sport.vn/mayaobongro/ao-bong-ro-tre-em-x24-br-23d3a2-xanh-duong-013.webp	ao-bong-da-tre-em-x24-bd-23d3a2-xanh-duong-013.webp
4022	ao-bong-da-tre-em-x24-bd-25-cam-014	Áo bóng đá trẻ em X24-BĐ-25 màu Cam	X24-BD-DBX-KID-014	https://static.x24sport.vn/mayaobongro/ao-bong-ro-tre-em-x24-br-25-cam-014.webp	ao-bong-da-tre-em-x24-bd-25-cam-014.webp
4023	ao-bong-da-tre-em-x24-bd-25-do-015	Áo bóng đá trẻ em X24-BĐ-25 màu Đỏ	X24-BD-DBX-KID-015	https://static.x24sport.vn/mayaobongro/ao-bong-ro-tre-em-x24-br-25-do-015.webp	ao-bong-da-tre-em-x24-bd-25-do-015.webp
4024	ao-bong-da-tre-em-x24-bd-25-hong-016	Áo bóng đá trẻ em X24-BĐ-25 màu Hồng	X24-BD-DBX-KID-016	https://static.x24sport.vn/mayaobongro/ao-bong-ro-tre-em-x24-br-25-hong-016.webp	ao-bong-da-tre-em-x24-bd-25-hong-016.webp
4025	ao-bong-da-tre-em-x24-bd-25-tim-017	Áo bóng đá trẻ em X24-BĐ-25 màu Tím	X24-BD-DBX-KID-017	https://static.x24sport.vn/mayaobongro/ao-bong-ro-tre-em-x24-br-25-tim-017.webp	ao-bong-da-tre-em-x24-bd-25-tim-017.webp
4026	ao-bong-da-tre-em-x24-bd-25-tim-than-018	Áo bóng đá trẻ em X24-BĐ-25 màu Tím than	X24-BD-DBX-KID-018	https://static.x24sport.vn/mayaobongro/ao-bong-ro-tre-em-x24-br-25-tim-than-018.webp	ao-bong-da-tre-em-x24-bd-25-tim-than-018.webp
4027	ao-bong-da-tre-em-x24-bd-26-cam-019	Áo bóng đá trẻ em X24-BĐ-26 Eclipse màu Cam	X24-BD-DBX-KID-019	https://static.x24sport.vn/mayaobongro/ao-bong-ro-tre-em-x24-br-26-cam-019.webp	ao-bong-da-tre-em-x24-bd-26-cam-019.webp
4028	ao-bong-da-tre-em-x24-bd-26-hong-020	Áo bóng đá trẻ em X24-BĐ-26 Eclipse màu Hồng	X24-BD-DBX-KID-020	https://static.x24sport.vn/mayaobongro/ao-bong-ro-tre-em-x24-br-26-hong-020.webp	ao-bong-da-tre-em-x24-bd-26-hong-020.webp
4029	ao-bong-da-tre-em-x24-bd-26-tim-than-021	Áo bóng đá trẻ em X24-BĐ-26 Eclipse màu Tím than	X24-BD-DBX-KID-021	https://static.x24sport.vn/mayaobongro/ao-bong-ro-tre-em-x24-br-26-tim-than-021.webp	ao-bong-da-tre-em-x24-bd-26-tim-than-021.webp
4030	ao-bong-da-tre-em-x24-bd-26-trang-022	Áo bóng đá trẻ em X24-BĐ-26 Eclipse màu Trắng	X24-BD-DBX-KID-022	https://static.x24sport.vn/mayaobongro/ao-bong-ro-tre-em-x24-br-26-trang-022.webp	ao-bong-da-tre-em-x24-bd-26-trang-022.webp
4031	ao-bong-da-tre-em-x24-bd-26-xanh-ve-chai-023	Áo bóng đá trẻ em X24-BĐ-26 Eclipse màu Xanh ve chai	X24-BD-DBX-KID-023	https://static.x24sport.vn/mayaobongro/ao-bong-ro-tre-em-x24-br-26-xanh-ve-chai-023.webp	ao-bong-da-tre-em-x24-bd-26-xanh-ve-chai-023.webp
4032	ao-bong-da-tre-em-x24-bd-34-den-024	Áo bóng đá trẻ em X24-BĐ-34 màu Đen	X24-BD-DBX-KID-024	https://static.x24sport.vn/mayaobongro/ao-bong-ro-tre-em-x24-br-34-den-024.webp	ao-bong-da-tre-em-x24-bd-34-den-024.webp
4033	ao-bong-da-tre-em-x24-bd-34-trang-025	Áo bóng đá trẻ em X24-BĐ-34 màu Trắng	X24-BD-DBX-KID-025	https://static.x24sport.vn/mayaobongro/ao-bong-ro-tre-em-x24-br-34-trang-025.webp	ao-bong-da-tre-em-x24-bd-34-trang-025.webp
4034	ao-bong-da-tre-em-x24-bd-34-vang-026	Áo bóng đá trẻ em X24-BĐ-34 màu Vàng	X24-BD-DBX-KID-026	https://static.x24sport.vn/mayaobongro/ao-bong-ro-tre-em-x24-br-34-vang-026.webp	ao-bong-da-tre-em-x24-bd-34-vang-026.webp
4035	ao-bong-da-tre-em-x24-bd-34-xanh-bich-027	Áo bóng đá trẻ em X24-BĐ-34 màu Xanh bích	X24-BD-DBX-KID-027	https://static.x24sport.vn/mayaobongro/ao-bong-ro-tre-em-x24-br-34-xanh-bich-027.webp	ao-bong-da-tre-em-x24-bd-34-xanh-bich-027.webp
4036	ao-bong-da-tre-em-x24-bd-34-xanh-duong-028	Áo bóng đá trẻ em X24-BĐ-34 màu Xanh dương	X24-BD-DBX-KID-028	https://static.x24sport.vn/mayaobongro/ao-bong-ro-tre-em-x24-br-34-xanh-duong-028.webp	ao-bong-da-tre-em-x24-bd-34-xanh-duong-028.webp
4037	ao-bong-da-tre-em-x24-bd-32-do-029	Áo bóng đá trẻ em X24-BĐ-32 màu Đỏ	X24-BD-DBX-KID-029	https://static.x24sport.vn/mayaobongro/ao-bong-ro-tre-em-x24-br-32-do-029.webp	ao-bong-da-tre-em-x24-bd-32-do-029.webp
4038	ao-bong-da-tre-em-x24-bd-32-tim-030	Áo bóng đá trẻ em X24-BĐ-32 màu Tím	X24-BD-DBX-KID-030	https://static.x24sport.vn/mayaobongro/ao-bong-ro-tre-em-x24-br-32-tim-030.webp	ao-bong-da-tre-em-x24-bd-32-tim-030.webp
4039	ao-bong-da-tre-em-x24-bd-32-vang-031	Áo bóng đá trẻ em X24-BĐ-32 màu Vàng	X24-BD-DBX-KID-031	https://static.x24sport.vn/mayaobongro/ao-bong-ro-tre-em-x24-br-32-vang-031.webp	ao-bong-da-tre-em-x24-bd-32-vang-031.webp
4040	ao-bong-da-tre-em-x24-bd-32-xam-032	Áo bóng đá trẻ em X24-BĐ-32 màu Xám	X24-BD-DBX-KID-032	https://static.x24sport.vn/mayaobongro/ao-bong-ro-tre-em-x24-br-32-xam-032.webp	ao-bong-da-tre-em-x24-bd-32-xam-032.webp
4041	ao-bong-da-tre-em-x24-bd-32-xanh-ve-chai-033	Áo bóng đá trẻ em X24-BĐ-32 màu Xanh ve chai	X24-BD-DBX-KID-033	https://static.x24sport.vn/mayaobongro/ao-bong-ro-tre-em-x24-br-32-xanh-ve-chai-033.webp	ao-bong-da-tre-em-x24-bd-32-xanh-ve-chai-033.webp
4042	ao-bong-da-tre-em-x24-bd-070819-cam-034	Áo bóng đá trẻ em mẫu thiết kế riêng màu Cam	X24-BD-DBX-KID-034	https://static.x24sport.vn/mayaobongro/ao-bong-ro-tre-em-x24-br-070819-cam-034.webp	ao-bong-da-tre-em-x24-bd-070819-cam-034.webp
4043	ao-bong-da-tre-em-x24-bd-2cdc3f-den-035	Áo bóng đá trẻ em mẫu thiết kế riêng màu Đen	X24-BD-DBX-KID-035	https://static.x24sport.vn/mayaobongro/ao-bong-ro-tre-em-x24-br-2cdc3f-den-035.webp	ao-bong-da-tre-em-x24-bd-2cdc3f-den-035.webp
4044	ao-bong-da-tre-em-x24-bd-9453d6-do-do-036	Áo bóng đá trẻ em mẫu thiết kế riêng màu Đỏ đô	X24-BD-DBX-KID-036	https://static.x24sport.vn/mayaobongro/ao-bong-ro-tre-em-x24-br-9453d6-do-do-036.webp	ao-bong-da-tre-em-x24-bd-9453d6-do-do-036.webp
4045	ao-bong-da-tre-em-x24-bd-5f10e3-tim-than-037	Áo bóng đá trẻ em mẫu thiết kế riêng màu Tím than	X24-BD-DBX-KID-037	https://static.x24sport.vn/mayaobongro/ao-bong-ro-tre-em-x24-br-5f10e3-tim-than-037.webp	ao-bong-da-tre-em-x24-bd-5f10e3-tim-than-037.webp
4046	ao-bong-da-tre-em-x24-bd-710785-trang-038	Áo bóng đá trẻ em mẫu thiết kế riêng màu Trắng	X24-BD-DBX-KID-038	https://static.x24sport.vn/mayaobongro/ao-bong-ro-tre-em-x24-br-710785-trang-038.webp	ao-bong-da-tre-em-x24-bd-710785-trang-038.webp
4047	ao-bong-da-tre-em-x24-bd-50e2af-hong-039	Áo bóng đá trẻ em mẫu thiết kế riêng màu Hồng	X24-BD-DBX-KID-039	https://static.x24sport.vn/mayaobongro/ao-bong-ro-tre-em-x24-br-50e2af-hong-039.webp	ao-bong-da-tre-em-x24-bd-50e2af-hong-039.webp
4048	ao-bong-da-tre-em-x24-bd-c8c95d-tim-than-040	Áo bóng đá trẻ em mẫu thiết kế riêng màu Tím than	X24-BD-DBX-KID-040	https://static.x24sport.vn/mayaobongro/ao-bong-ro-tre-em-x24-br-c8c95d-tim-than-040.webp	ao-bong-da-tre-em-x24-bd-c8c95d-tim-than-040.webp
4049	ao-bong-da-tre-em-x24-bd-051013-trang-041	Áo bóng đá trẻ em mẫu thiết kế riêng màu Trắng	X24-BD-DBX-KID-041	https://static.x24sport.vn/mayaobongro/ao-bong-ro-tre-em-x24-br-051013-trang-041.webp	ao-bong-da-tre-em-x24-bd-051013-trang-041.webp
4050	ao-bong-da-tre-em-x24-bd-7ac57b-xanh-duong-042	Áo bóng đá trẻ em mẫu thiết kế riêng màu Xanh dương	X24-BD-DBX-KID-042	https://static.x24sport.vn/mayaobongro/ao-bong-ro-tre-em-x24-br-7ac57b-xanh-duong-042.webp	ao-bong-da-tre-em-x24-bd-7ac57b-xanh-duong-042.webp
4051	ao-bong-da-tre-em-x24-bd-0f4145-xanh-ve-chai-043	Áo bóng đá trẻ em mẫu thiết kế riêng màu Xanh ve chai	X24-BD-DBX-KID-043	https://static.x24sport.vn/mayaobongro/ao-bong-ro-tre-em-x24-br-0f4145-xanh-ve-chai-043.webp	ao-bong-da-tre-em-x24-bd-0f4145-xanh-ve-chai-043.webp
4052	ao-bong-da-tre-em-x24-bd-4f4aa5-cam-044	Áo bóng đá trẻ em mẫu thiết kế riêng màu Cam	X24-BD-DBX-KID-044	https://static.x24sport.vn/mayaobongro/ao-bong-ro-tre-em-x24-br-4f4aa5-cam-044.webp	ao-bong-da-tre-em-x24-bd-4f4aa5-cam-044.webp
4053	ao-bong-da-tre-em-x24-bd-8036c3-den-045	Áo bóng đá trẻ em mẫu thiết kế riêng màu Đen	X24-BD-DBX-KID-045	https://static.x24sport.vn/mayaobongro/ao-bong-ro-tre-em-x24-br-8036c3-den-045.webp	ao-bong-da-tre-em-x24-bd-8036c3-den-045.webp
4054	ao-bong-da-tre-em-x24-bd-92b57b-trang-046	Áo bóng đá trẻ em mẫu thiết kế riêng màu Trắng	X24-BD-DBX-KID-046	https://static.x24sport.vn/mayaobongro/ao-bong-ro-tre-em-x24-br-92b57b-trang-046.webp	ao-bong-da-tre-em-x24-bd-92b57b-trang-046.webp
4055	ao-bong-da-tre-em-x24-bd-47a0d4-xanh-duong-047	Áo bóng đá trẻ em mẫu thiết kế riêng màu Xanh dương	X24-BD-DBX-KID-047	https://static.x24sport.vn/mayaobongro/ao-bong-ro-tre-em-x24-br-47a0d4-xanh-duong-047.webp	ao-bong-da-tre-em-x24-bd-47a0d4-xanh-duong-047.webp
4056	ao-bong-da-tre-em-x24-bd-fb5948-xanh-ve-chai-048	Áo bóng đá trẻ em mẫu thiết kế riêng màu Xanh ve chai	X24-BD-DBX-KID-048	https://static.x24sport.vn/mayaobongro/ao-bong-ro-tre-em-x24-br-fb5948-xanh-ve-chai-048.webp	ao-bong-da-tre-em-x24-bd-fb5948-xanh-ve-chai-048.webp
4057	ao-bong-da-tre-em-x24-bd-ec823a-cam-049	Áo bóng đá trẻ em mẫu thiết kế riêng màu Cam	X24-BD-DBX-KID-049	https://static.x24sport.vn/mayaobongro/ao-bong-ro-tre-em-x24-br-ec823a-cam-049.webp	ao-bong-da-tre-em-x24-bd-ec823a-cam-049.webp
4058	ao-bong-da-tre-em-x24-bd-73ab22-do-do-050	Áo bóng đá trẻ em mẫu thiết kế riêng màu Đỏ đô	X24-BD-DBX-KID-050	https://static.x24sport.vn/mayaobongro/ao-bong-ro-tre-em-x24-br-73ab22-do-do-050.webp	ao-bong-da-tre-em-x24-bd-73ab22-do-do-050.webp
4059	ao-bong-da-tre-em-x24-bd-3fe2d1-trang-051	Áo bóng đá trẻ em mẫu thiết kế riêng màu Trắng	X24-BD-DBX-KID-051	https://static.x24sport.vn/mayaobongro/ao-bong-ro-tre-em-x24-br-3fe2d1-trang-051.webp	ao-bong-da-tre-em-x24-bd-3fe2d1-trang-051.webp
4060	ao-bong-da-tre-em-x24-bd-c359a0-xanh-bich-052	Áo bóng đá trẻ em mẫu thiết kế riêng màu Xanh bích	X24-BD-DBX-KID-052	https://static.x24sport.vn/mayaobongro/ao-bong-ro-tre-em-x24-br-c359a0-xanh-bich-052.webp	ao-bong-da-tre-em-x24-bd-c359a0-xanh-bich-052.webp
4061	ao-bong-da-tre-em-x24-bd-366921-den-053	Áo bóng đá trẻ em mẫu thiết kế riêng màu Đen	X24-BD-DBX-KID-053	https://static.x24sport.vn/mayaobongro/ao-bong-ro-tre-em-x24-br-366921-den-053.webp	ao-bong-da-tre-em-x24-bd-366921-den-053.webp
4062	ao-bong-da-tre-em-x24-bd-dd6123-den-054	Áo bóng đá trẻ em mẫu thiết kế riêng màu Đen	X24-BD-DBX-KID-054	https://static.x24sport.vn/mayaobongro/ao-bong-ro-tre-em-x24-br-dd6123-den-054.webp	ao-bong-da-tre-em-x24-bd-dd6123-den-054.webp
4063	ao-bong-da-tre-em-x24-bd-ae92b6-do-do-055	Áo bóng đá trẻ em mẫu thiết kế riêng màu Đỏ đô	X24-BD-DBX-KID-055	https://static.x24sport.vn/mayaobongro/ao-bong-ro-tre-em-x24-br-ae92b6-do-do-055.webp	ao-bong-da-tre-em-x24-bd-ae92b6-do-do-055.webp
4064	ao-bong-da-tre-em-x24-bd-835b68-tim-056	Áo bóng đá trẻ em mẫu thiết kế riêng màu Tím	X24-BD-DBX-KID-056	https://static.x24sport.vn/mayaobongro/ao-bong-ro-tre-em-x24-br-835b68-tim-056.webp	ao-bong-da-tre-em-x24-bd-835b68-tim-056.webp
4065	ao-bong-da-tre-em-x24-bd-b521c2-trang-057	Áo bóng đá trẻ em mẫu thiết kế riêng màu Trắng	X24-BD-DBX-KID-057	https://static.x24sport.vn/mayaobongro/ao-bong-ro-tre-em-x24-br-b521c2-trang-057.webp	ao-bong-da-tre-em-x24-bd-b521c2-trang-057.webp
4066	ao-bong-da-tre-em-x24-bd-a0a8de-xanh-ve-chai-058	Áo bóng đá trẻ em mẫu thiết kế riêng màu Xanh ve chai	X24-BD-DBX-KID-058	https://static.x24sport.vn/mayaobongro/ao-bong-ro-tre-em-x24-br-a0a8de-xanh-ve-chai-058.webp	ao-bong-da-tre-em-x24-bd-a0a8de-xanh-ve-chai-058.webp
4067	ao-bong-da-tre-em-x24-bd-a85ae5-do-059	Áo bóng đá trẻ em mẫu thiết kế riêng màu Đỏ	X24-BD-DBX-KID-059	https://static.x24sport.vn/mayaobongro/ao-bong-ro-tre-em-x24-br-a85ae5-do-059.webp	ao-bong-da-tre-em-x24-bd-a85ae5-do-059.webp
4068	ao-bong-da-tre-em-x24-bd-daa5bb-trang-060	Áo bóng đá trẻ em mẫu thiết kế riêng màu Trắng	X24-BD-DBX-KID-060	https://static.x24sport.vn/mayaobongro/ao-bong-ro-tre-em-x24-br-daa5bb-trang-060.webp	ao-bong-da-tre-em-x24-bd-daa5bb-trang-060.webp
4069	ao-bong-da-tre-em-x24-bd-d97033-vang-061	Áo bóng đá trẻ em mẫu thiết kế riêng màu Vàng	X24-BD-DBX-KID-061	https://static.x24sport.vn/mayaobongro/ao-bong-ro-tre-em-x24-br-d97033-vang-061.webp	ao-bong-da-tre-em-x24-bd-d97033-vang-061.webp
4070	ao-bong-da-tre-em-x24-bd-702908-nhieu-mau-062	Áo bóng đá trẻ em mẫu thiết kế riêng màu Nhiều màu	X24-BD-DBX-KID-062	https://static.x24sport.vn/mayaobongro/ao-bong-ro-tre-em-x24-br-702908-nhieu-mau-062.webp	ao-bong-da-tre-em-x24-bd-702908-nhieu-mau-062.webp
4071	ao-bong-da-tre-em-x24-bd-04287f-xanh-ngoc-063	Áo bóng đá trẻ em mẫu thiết kế riêng màu Xanh ngọc	X24-BD-DBX-KID-063	https://static.x24sport.vn/mayaobongro/ao-bong-ro-tre-em-x24-br-04287f-xanh-ngoc-063.webp	ao-bong-da-tre-em-x24-bd-04287f-xanh-ngoc-063.webp
4072	ao-bong-da-tre-em-x24-bd-7a5a54-cam-064	Áo bóng đá trẻ em mẫu thiết kế riêng màu Cam	X24-BD-DBX-KID-064	https://static.x24sport.vn/mayaobongro/ao-bong-ro-tre-em-x24-br-7a5a54-cam-064.webp	ao-bong-da-tre-em-x24-bd-7a5a54-cam-064.webp
4073	ao-bong-da-tre-em-x24-bd-554819-hong-065	Áo bóng đá trẻ em mẫu thiết kế riêng màu Hồng	X24-BD-DBX-KID-065	https://static.x24sport.vn/mayaobongro/ao-bong-ro-tre-em-x24-br-554819-hong-065.webp	ao-bong-da-tre-em-x24-bd-554819-hong-065.webp
4074	ao-bong-da-tre-em-x24-bd-9e5cf9-vang-066	Áo bóng đá trẻ em mẫu thiết kế riêng màu Vàng	X24-BD-DBX-KID-066	https://static.x24sport.vn/mayaobongro/ao-bong-ro-tre-em-x24-br-9e5cf9-vang-066.webp	ao-bong-da-tre-em-x24-bd-9e5cf9-vang-066.webp
4075	ao-bong-da-tre-em-x24-bd-5cdb6b-xanh-la-067	Áo bóng đá trẻ em mẫu thiết kế riêng màu Xanh lá	X24-BD-DBX-KID-067	https://static.x24sport.vn/mayaobongro/ao-bong-ro-tre-em-x24-br-5cdb6b-xanh-la-067.webp	ao-bong-da-tre-em-x24-bd-5cdb6b-xanh-la-067.webp
4076	ao-bong-da-tre-em-x24-bd-9109e1-xanh-ngoc-068	Áo bóng đá trẻ em mẫu thiết kế riêng màu Xanh ngọc	X24-BD-DBX-KID-068	https://static.x24sport.vn/mayaobongro/ao-bong-ro-tre-em-x24-br-9109e1-xanh-ngoc-068.webp	ao-bong-da-tre-em-x24-bd-9109e1-xanh-ngoc-068.webp
4077	ao-bong-da-tre-em-x24-bd-41914a-den-069	Áo bóng đá trẻ em mẫu thiết kế riêng màu Đen	X24-BD-DBX-KID-069	https://static.x24sport.vn/mayaobongro/ao-bong-ro-tre-em-x24-br-41914a-den-069.webp	ao-bong-da-tre-em-x24-bd-41914a-den-069.webp
4078	ao-bong-da-tre-em-x24-bd-2fed2c-tim-than-070	Áo bóng đá trẻ em mẫu thiết kế riêng màu Tím than	X24-BD-DBX-KID-070	https://static.x24sport.vn/mayaobongro/ao-bong-ro-tre-em-x24-br-2fed2c-tim-than-070.webp	ao-bong-da-tre-em-x24-bd-2fed2c-tim-than-070.webp
4079	ao-bong-da-tre-em-x24-bd-60e3fa-trang-071	Áo bóng đá trẻ em mẫu thiết kế riêng màu Trắng	X24-BD-DBX-KID-071	https://static.x24sport.vn/mayaobongro/ao-bong-ro-tre-em-x24-br-60e3fa-trang-071.webp	ao-bong-da-tre-em-x24-bd-60e3fa-trang-071.webp
4080	ao-bong-da-tre-em-x24-bd-efb5b7-cam-den-072	Áo bóng đá trẻ em mẫu thiết kế riêng màu Cam, Đen	X24-BD-DBX-KID-072	https://static.x24sport.vn/mayaobongro/ao-bong-ro-tre-em-x24-br-efb5b7-cam-den-072.webp	ao-bong-da-tre-em-x24-bd-efb5b7-cam-den-072.webp
4081	ao-bong-da-tre-em-x24-bd-29821a-xanh-ngoc-073	Áo bóng đá trẻ em mẫu thiết kế riêng màu Xanh ngọc	X24-BD-DBX-KID-073	https://static.x24sport.vn/mayaobongro/ao-bong-ro-tre-em-x24-br-29821a-xanh-ngoc-073.webp	ao-bong-da-tre-em-x24-bd-29821a-xanh-ngoc-073.webp
4082	ao-bong-da-tre-em-x24-bd-d6101b-do-074	Áo bóng đá trẻ em mẫu thiết kế riêng màu Đỏ	X24-BD-DBX-KID-074	https://static.x24sport.vn/mayaobongro/ao-bong-ro-tre-em-x24-br-d6101b-do-074.webp	ao-bong-da-tre-em-x24-bd-d6101b-do-074.webp
4083	ao-bong-da-tre-em-x24-bd-4b3f5f-hong-075	Áo bóng đá trẻ em mẫu thiết kế riêng màu Hồng	X24-BD-DBX-KID-075	https://static.x24sport.vn/mayaobongro/ao-bong-ro-tre-em-x24-br-4b3f5f-hong-075.webp	ao-bong-da-tre-em-x24-bd-4b3f5f-hong-075.webp
4084	ao-bong-da-tre-em-x24-bd-8410ec-vang-076	Áo bóng đá trẻ em mẫu thiết kế riêng màu Vàng	X24-BD-DBX-KID-076	https://static.x24sport.vn/mayaobongro/ao-bong-ro-tre-em-x24-br-8410ec-vang-076.webp	ao-bong-da-tre-em-x24-bd-8410ec-vang-076.webp
4085	ao-bong-da-tre-em-x24-bd-827d51-trang-077	Áo bóng đá trẻ em mẫu thiết kế riêng màu Trắng	X24-BD-DBX-KID-077	https://static.x24sport.vn/mayaobongro/ao-bong-ro-tre-em-x24-br-827d51-trang-077.webp	ao-bong-da-tre-em-x24-bd-827d51-trang-077.webp
4086	ao-bong-da-tre-em-x24-bd-4563a8-xanh-duong-078	Áo bóng đá trẻ em mẫu thiết kế riêng màu Xanh dương	X24-BD-DBX-KID-078	https://static.x24sport.vn/mayaobongro/ao-bong-ro-tre-em-x24-br-4563a8-xanh-duong-078.webp	ao-bong-da-tre-em-x24-bd-4563a8-xanh-duong-078.webp
4087	ao-bong-da-tre-em-x24-bd-dbac4b-cam-079	Áo bóng đá trẻ em mẫu thiết kế riêng màu Cam	X24-BD-DBX-KID-079	https://static.x24sport.vn/mayaobongro/ao-bong-ro-tre-em-x24-br-dbac4b-cam-079.webp	ao-bong-da-tre-em-x24-bd-dbac4b-cam-079.webp
4088	ao-bong-da-tre-em-x24-bd-9241d3-kem-080	Áo bóng đá trẻ em mẫu thiết kế riêng màu Kem	X24-BD-DBX-KID-080	https://static.x24sport.vn/mayaobongro/ao-bong-ro-tre-em-x24-br-9241d3-kem-080.webp	ao-bong-da-tre-em-x24-bd-9241d3-kem-080.webp
4089	ao-bong-da-tre-em-x24-bd-91a6a7-trang-081	Áo bóng đá trẻ em mẫu thiết kế riêng màu Trắng	X24-BD-DBX-KID-081	https://static.x24sport.vn/mayaobongro/ao-bong-ro-tre-em-x24-br-91a6a7-trang-081.webp	ao-bong-da-tre-em-x24-bd-91a6a7-trang-081.webp
4090	ao-bong-da-tre-em-x24-bd-9648bf-xanh-ngoc-082	Áo bóng đá trẻ em mẫu thiết kế riêng màu Xanh ngọc	X24-BD-DBX-KID-082	https://static.x24sport.vn/mayaobongro/ao-bong-ro-tre-em-x24-br-9648bf-xanh-ngoc-082.webp	ao-bong-da-tre-em-x24-bd-9648bf-xanh-ngoc-082.webp
4091	ao-bong-da-tre-em-x24-bd-07628e-xanh-ve-chai-083	Áo bóng đá trẻ em mẫu thiết kế riêng màu Xanh ve chai	X24-BD-DBX-KID-083	https://static.x24sport.vn/mayaobongro/ao-bong-ro-tre-em-x24-br-07628e-xanh-ve-chai-083.webp	ao-bong-da-tre-em-x24-bd-07628e-xanh-ve-chai-083.webp
4092	ao-bong-da-tre-em-x24-bd-01-den-084	Áo bóng đá trẻ em X24-BĐ-01 màu Đen	X24-BD-DBX-KID-084	https://static.x24sport.vn/mayaobongro/ao-bong-ro-tre-em-x24-br-01-den-084.webp	ao-bong-da-tre-em-x24-bd-01-den-084.webp
4093	ao-bong-da-tre-em-x24-bd-01-do-085	Áo bóng đá trẻ em X24-BĐ-01 màu Đỏ	X24-BD-DBX-KID-085	https://static.x24sport.vn/mayaobongro/ao-bong-ro-tre-em-x24-br-01-do-085.webp	ao-bong-da-tre-em-x24-bd-01-do-085.webp
4094	ao-bong-da-tre-em-x24-bd-01-tim-086	Áo bóng đá trẻ em X24-BĐ-01 màu Tím	X24-BD-DBX-KID-086	https://static.x24sport.vn/mayaobongro/ao-bong-ro-tre-em-x24-br-01-tim-086.webp	ao-bong-da-tre-em-x24-bd-01-tim-086.webp
4095	ao-bong-da-tre-em-x24-bd-01-trang-087	Áo bóng đá trẻ em X24-BĐ-01 màu Trắng	X24-BD-DBX-KID-087	https://static.x24sport.vn/mayaobongro/ao-bong-ro-tre-em-x24-br-01-trang-087.webp	ao-bong-da-tre-em-x24-bd-01-trang-087.webp
4096	ao-bong-da-tre-em-x24-bd-01-xanh-duong-088	Áo bóng đá trẻ em X24-BĐ-01 màu Xanh dương	X24-BD-DBX-KID-088	https://static.x24sport.vn/mayaobongro/ao-bong-ro-tre-em-x24-br-01-xanh-duong-088.webp	ao-bong-da-tre-em-x24-bd-01-xanh-duong-088.webp
4097	ao-bong-da-tre-em-x24-bd-01-den-089	Áo bóng đá trẻ em X24-BĐ-01 màu Đen	X24-BD-DBX-KID-089	https://static.x24sport.vn/mayaobongro/ao-bong-ro-tre-em-x24-br-01-den-089.webp	ao-bong-da-tre-em-x24-bd-01-den-089.webp
4098	ao-bong-da-tre-em-x24-bd-03-xanh-ngoc-090	Áo bóng đá trẻ em X24-BĐ-03 màu Xanh ngọc	X24-BD-DBX-KID-090	https://static.x24sport.vn/mayaobongro/ao-bong-ro-tre-em-x24-br-03-xanh-ngoc-090.webp	ao-bong-da-tre-em-x24-bd-03-xanh-ngoc-090.webp
4099	ao-bong-da-tre-em-x24-bd-05-do-091	Áo bóng đá trẻ em X24-BĐ-05 màu Đỏ	X24-BD-DBX-KID-091	https://static.x24sport.vn/mayaobongro/ao-bong-ro-tre-em-x24-br-05-do-091.webp	ao-bong-da-tre-em-x24-bd-05-do-091.webp
4100	ao-bong-da-tre-em-x24-bd-05-trang-xanh-la-092	Áo bóng đá trẻ em X24-BĐ-05 màu Trắng, Xanh lá	X24-BD-DBX-KID-092	https://static.x24sport.vn/mayaobongro/ao-bong-ro-tre-em-x24-br-05-trang-xanh-la-092.webp	ao-bong-da-tre-em-x24-bd-05-trang-xanh-la-092.webp
4101	ao-bong-da-tre-em-x24-bd-05-trang-093	Áo bóng đá trẻ em X24-BĐ-05 màu Trắng	X24-BD-DBX-KID-093	https://static.x24sport.vn/mayaobongro/ao-bong-ro-tre-em-x24-br-05-trang-093.webp	ao-bong-da-tre-em-x24-bd-05-trang-093.webp
4102	ao-bong-da-tre-em-x24-bd-05-xanh-la-094	Áo bóng đá trẻ em X24-BĐ-05 màu Xanh lá	X24-BD-DBX-KID-094	https://static.x24sport.vn/mayaobongro/ao-bong-ro-tre-em-x24-br-05-xanh-la-094.webp	ao-bong-da-tre-em-x24-bd-05-xanh-la-094.webp
4103	ao-bong-da-tre-em-x24-bd-05-trang-xanh-la-095	Áo bóng đá trẻ em X24-BĐ-05 màu Trắng, Xanh lá	X24-BD-DBX-KID-095	https://static.x24sport.vn/mayaobongro/ao-bong-ro-tre-em-x24-br-05-trang-xanh-la-095.webp	ao-bong-da-tre-em-x24-bd-05-trang-xanh-la-095.webp
4104	ao-bong-da-tre-em-x24-bd-06-cam-096	Áo bóng đá trẻ em X24-BĐ-06 màu Cam	X24-BD-DBX-KID-096	https://static.x24sport.vn/mayaobongro/ao-bong-ro-tre-em-x24-br-06-cam-096.webp	ao-bong-da-tre-em-x24-bd-06-cam-096.webp
4105	ao-bong-da-tre-em-x24-bd-06-tim-097	Áo bóng đá trẻ em X24-BĐ-06 màu Tím	X24-BD-DBX-KID-097	https://static.x24sport.vn/mayaobongro/ao-bong-ro-tre-em-x24-br-06-tim-097.webp	ao-bong-da-tre-em-x24-bd-06-tim-097.webp
4106	ao-bong-da-tre-em-x24-bd-06-tim-than-098	Áo bóng đá trẻ em X24-BĐ-06 màu Tím than	X24-BD-DBX-KID-098	https://static.x24sport.vn/mayaobongro/ao-bong-ro-tre-em-x24-br-06-tim-than-098.webp	ao-bong-da-tre-em-x24-bd-06-tim-than-098.webp
4107	ao-bong-da-tre-em-x24-bd-06-trang-099	Áo bóng đá trẻ em X24-BĐ-06 màu Trắng	X24-BD-DBX-KID-099	https://static.x24sport.vn/mayaobongro/ao-bong-ro-tre-em-x24-br-06-trang-099.webp	ao-bong-da-tre-em-x24-bd-06-trang-099.webp
4108	ao-bong-da-tre-em-x24-bd-06-xanh-duong-100	Áo bóng đá trẻ em X24-BĐ-06 màu Xanh dương	X24-BD-DBX-KID-100	https://static.x24sport.vn/mayaobongro/ao-bong-ro-tre-em-x24-br-06-xanh-duong-100.webp	ao-bong-da-tre-em-x24-bd-06-xanh-duong-100.webp
4109	ao-bong-da-tre-em-x24-bd-07-cam-101	Áo bóng đá trẻ em X24-BĐ-07 màu Cam	X24-BD-DBX-KID-101	https://static.x24sport.vn/mayaobongro/ao-bong-ro-tre-em-x24-br-07-cam-101.webp	ao-bong-da-tre-em-x24-bd-07-cam-101.webp
4110	ao-bong-da-tre-em-x24-bd-07-tim-than-102	Áo bóng đá trẻ em X24-BĐ-07 màu Tím than	X24-BD-DBX-KID-102	https://static.x24sport.vn/mayaobongro/ao-bong-ro-tre-em-x24-br-07-tim-than-102.webp	ao-bong-da-tre-em-x24-bd-07-tim-than-102.webp
4111	ao-bong-da-tre-em-x24-bd-07-trang-103	Áo bóng đá trẻ em X24-BĐ-07 màu Trắng	X24-BD-DBX-KID-103	https://static.x24sport.vn/mayaobongro/ao-bong-ro-tre-em-x24-br-07-trang-103.webp	ao-bong-da-tre-em-x24-bd-07-trang-103.webp
4112	ao-bong-da-tre-em-x24-bd-07-vang-104	Áo bóng đá trẻ em X24-BĐ-07 màu Vàng	X24-BD-DBX-KID-104	https://static.x24sport.vn/mayaobongro/ao-bong-ro-tre-em-x24-br-07-vang-104.webp	ao-bong-da-tre-em-x24-bd-07-vang-104.webp
4113	ao-bong-da-tre-em-x24-bd-07-xanh-bich-105	Áo bóng đá trẻ em X24-BĐ-07 màu Xanh bích	X24-BD-DBX-KID-105	https://static.x24sport.vn/mayaobongro/ao-bong-ro-tre-em-x24-br-07-xanh-bich-105.webp	ao-bong-da-tre-em-x24-bd-07-xanh-bich-105.webp
4114	ao-bong-da-tre-em-x24-bd-10-do-do-106	Áo bóng đá trẻ em X24-BĐ-10 màu Đỏ đô	X24-BD-DBX-KID-106	https://static.x24sport.vn/mayaobongro/ao-bong-ro-tre-em-x24-br-10-do-do-106.webp	ao-bong-da-tre-em-x24-bd-10-do-do-106.webp
4115	ao-bong-da-tre-em-x24-bd-10-hong-107	Áo bóng đá trẻ em X24-BĐ-10 màu Hồng	X24-BD-DBX-KID-107	https://static.x24sport.vn/mayaobongro/ao-bong-ro-tre-em-x24-br-10-hong-107.webp	ao-bong-da-tre-em-x24-bd-10-hong-107.webp
4116	ao-bong-da-tre-em-x24-bd-10-vang-108	Áo bóng đá trẻ em X24-BĐ-10 màu Vàng	X24-BD-DBX-KID-108	https://static.x24sport.vn/mayaobongro/ao-bong-ro-tre-em-x24-br-10-vang-108.webp	ao-bong-da-tre-em-x24-bd-10-vang-108.webp
4117	ao-bong-da-tre-em-x24-bd-10-trang-109	Áo bóng đá trẻ em X24-BĐ-10 màu Trắng	X24-BD-DBX-KID-109	https://static.x24sport.vn/mayaobongro/ao-bong-ro-tre-em-x24-br-10-trang-109.webp	ao-bong-da-tre-em-x24-bd-10-trang-109.webp
4118	ao-bong-da-tre-em-x24-bd-10-xanh-ve-chai-110	Áo bóng đá trẻ em X24-BĐ-10 màu Xanh ve chai	X24-BD-DBX-KID-110	https://static.x24sport.vn/mayaobongro/ao-bong-ro-tre-em-x24-br-10-xanh-ve-chai-110.webp	ao-bong-da-tre-em-x24-bd-10-xanh-ve-chai-110.webp
4119	ao-bong-da-tre-em-x24-bd-11-cam-111	Áo bóng đá trẻ em X24-BĐ-11 màu Cam	X24-BD-DBX-KID-111	https://static.x24sport.vn/mayaobongro/ao-bong-ro-tre-em-x24-br-11-cam-111.webp	ao-bong-da-tre-em-x24-bd-11-cam-111.webp
4120	ao-bong-da-tre-em-x24-bd-11-den-112	Áo bóng đá trẻ em X24-BĐ-11 màu Đen	X24-BD-DBX-KID-112	https://static.x24sport.vn/mayaobongro/ao-bong-ro-tre-em-x24-br-11-den-112.webp	ao-bong-da-tre-em-x24-bd-11-den-112.webp
4121	ao-bong-da-tre-em-x24-bd-11-trang-113	Áo bóng đá trẻ em X24-BĐ-11 màu Trắng	X24-BD-DBX-KID-113	https://static.x24sport.vn/mayaobongro/ao-bong-ro-tre-em-x24-br-11-trang-113.webp	ao-bong-da-tre-em-x24-bd-11-trang-113.webp
4122	ao-bong-da-tre-em-x24-bd-11-trang-cam-114	Áo bóng đá trẻ em X24-BĐ-11 màu Trắng, Cam	X24-BD-DBX-KID-114	https://static.x24sport.vn/mayaobongro/ao-bong-ro-tre-em-x24-br-11-trang-cam-114.webp	ao-bong-da-tre-em-x24-bd-11-trang-cam-114.webp
4123	ao-bong-da-tre-em-x24-bd-11-trang-xanh-duong-115	Áo bóng đá trẻ em X24-BĐ-11 màu Trắng, Xanh dương	X24-BD-DBX-KID-115	https://static.x24sport.vn/mayaobongro/ao-bong-ro-tre-em-x24-br-11-trang-xanh-duong-115.webp	ao-bong-da-tre-em-x24-bd-11-trang-xanh-duong-115.webp
4124	ao-bong-da-tre-em-x24-bd-12-cam-116	Áo bóng đá trẻ em X24-BĐ-12 màu Cam	X24-BD-DBX-KID-116	https://static.x24sport.vn/mayaobongro/ao-bong-ro-tre-em-x24-br-12-cam-116.webp	ao-bong-da-tre-em-x24-bd-12-cam-116.webp
4125	ao-bong-da-tre-em-x24-bd-12-hong-117	Áo bóng đá trẻ em X24-BĐ-12 màu Hồng	X24-BD-DBX-KID-117	https://static.x24sport.vn/mayaobongro/ao-bong-ro-tre-em-x24-br-12-hong-117.webp	ao-bong-da-tre-em-x24-bd-12-hong-117.webp
4126	ao-bong-da-tre-em-x24-bd-12-tim-118	Áo bóng đá trẻ em X24-BĐ-12 màu Tím	X24-BD-DBX-KID-118	https://static.x24sport.vn/mayaobongro/ao-bong-ro-tre-em-x24-br-12-tim-118.webp	ao-bong-da-tre-em-x24-bd-12-tim-118.webp
4127	ao-bong-da-tre-em-x24-bd-12-xanh-ngoc-119	Áo bóng đá trẻ em X24-BĐ-12 màu Xanh ngọc	X24-BD-DBX-KID-119	https://static.x24sport.vn/mayaobongro/ao-bong-ro-tre-em-x24-br-12-xanh-ngoc-119.webp	ao-bong-da-tre-em-x24-bd-12-xanh-ngoc-119.webp
4128	ao-bong-da-tre-em-x24-bd-12-xanh-duong-120	Áo bóng đá trẻ em X24-BĐ-12 màu Xanh dương	X24-BD-DBX-KID-120	https://static.x24sport.vn/mayaobongro/ao-bong-ro-tre-em-x24-br-12-xanh-duong-120.webp	ao-bong-da-tre-em-x24-bd-12-xanh-duong-120.webp
4129	ao-bong-da-tre-em-x24-bd-13-do-121	Áo bóng đá trẻ em X24-BĐ-13 màu Đỏ	X24-BD-DBX-KID-121	https://static.x24sport.vn/mayaobongro/ao-bong-ro-tre-em-x24-br-13-do-121.webp	ao-bong-da-tre-em-x24-bd-13-do-121.webp
4130	ao-bong-da-tre-em-x24-bd-13-kem-122	Áo bóng đá trẻ em X24-BĐ-13 màu Kem	X24-BD-DBX-KID-122	https://static.x24sport.vn/mayaobongro/ao-bong-ro-tre-em-x24-br-13-kem-122.webp	ao-bong-da-tre-em-x24-bd-13-kem-122.webp
4131	ao-bong-da-tre-em-x24-bd-13-tim-than-123	Áo bóng đá trẻ em X24-BĐ-13 màu Tím than	X24-BD-DBX-KID-123	https://static.x24sport.vn/mayaobongro/ao-bong-ro-tre-em-x24-br-13-tim-than-123.webp	ao-bong-da-tre-em-x24-bd-13-tim-than-123.webp
4132	ao-bong-da-tre-em-x24-bd-13-trang-124	Áo bóng đá trẻ em X24-BĐ-13 màu Trắng	X24-BD-DBX-KID-124	https://static.x24sport.vn/mayaobongro/ao-bong-ro-tre-em-x24-br-13-trang-124.webp	ao-bong-da-tre-em-x24-bd-13-trang-124.webp
4133	ao-bong-da-tre-em-x24-bd-13-nhieu-mau-125	Áo bóng đá trẻ em X24-BĐ-13 màu Nhiều màu	X24-BD-DBX-KID-125	https://static.x24sport.vn/mayaobongro/ao-bong-ro-tre-em-x24-br-13-nhieu-mau-125.webp	ao-bong-da-tre-em-x24-bd-13-nhieu-mau-125.webp
4134	ao-bong-da-tre-em-x24-bd-14-den-126	Áo bóng đá trẻ em X24-BĐ-14 màu Đen	X24-BD-DBX-KID-126	https://static.x24sport.vn/mayaobongro/ao-bong-ro-tre-em-x24-br-14-den-126.webp	ao-bong-da-tre-em-x24-bd-14-den-126.webp
4135	ao-bong-da-tre-em-x24-bd-14-do-do-127	Áo bóng đá trẻ em X24-BĐ-14 màu Đỏ đô	X24-BD-DBX-KID-127	https://static.x24sport.vn/mayaobongro/ao-bong-ro-tre-em-x24-br-14-do-do-127.webp	ao-bong-da-tre-em-x24-bd-14-do-do-127.webp
4136	ao-bong-da-tre-em-x24-bd-14-kem-128	Áo bóng đá trẻ em X24-BĐ-14 màu Kem	X24-BD-DBX-KID-128	https://static.x24sport.vn/mayaobongro/ao-bong-ro-tre-em-x24-br-14-kem-128.webp	ao-bong-da-tre-em-x24-bd-14-kem-128.webp
4137	ao-bong-da-tre-em-x24-bd-14-trang-129	Áo bóng đá trẻ em X24-BĐ-14 màu Trắng	X24-BD-DBX-KID-129	https://static.x24sport.vn/mayaobongro/ao-bong-ro-tre-em-x24-br-14-trang-129.webp	ao-bong-da-tre-em-x24-bd-14-trang-129.webp
4138	ao-bong-da-tre-em-x24-bd-14-vang-130	Áo bóng đá trẻ em X24-BĐ-14 màu Vàng	X24-BD-DBX-KID-130	https://static.x24sport.vn/mayaobongro/ao-bong-ro-tre-em-x24-br-14-vang-130.webp	ao-bong-da-tre-em-x24-bd-14-vang-130.webp
4139	ao-bong-da-tre-em-x24-bd-15-cam-131	Áo bóng đá trẻ em X24-BĐ-15 màu Cam	X24-BD-DBX-KID-131	https://static.x24sport.vn/mayaobongro/ao-bong-ro-tre-em-x24-br-15-cam-131.webp	ao-bong-da-tre-em-x24-bd-15-cam-131.webp
4140	ao-bong-da-tre-em-x24-bd-15-do-do-132	Áo bóng đá trẻ em X24-BĐ-15 màu Đỏ đô	X24-BD-DBX-KID-132	https://static.x24sport.vn/mayaobongro/ao-bong-ro-tre-em-x24-br-15-do-do-132.webp	ao-bong-da-tre-em-x24-bd-15-do-do-132.webp
4141	ao-bong-da-tre-em-x24-bd-15-tim-133	Áo bóng đá trẻ em X24-BĐ-15 màu Tím	X24-BD-DBX-KID-133	https://static.x24sport.vn/mayaobongro/ao-bong-ro-tre-em-x24-br-15-tim-133.webp	ao-bong-da-tre-em-x24-bd-15-tim-133.webp
4142	ao-bong-da-tre-em-x24-bd-15-trang-134	Áo bóng đá trẻ em X24-BĐ-15 màu Trắng	X24-BD-DBX-KID-134	https://static.x24sport.vn/mayaobongro/ao-bong-ro-tre-em-x24-br-15-trang-134.webp	ao-bong-da-tre-em-x24-bd-15-trang-134.webp
4143	ao-bong-da-tre-em-x24-bd-15-vang-135	Áo bóng đá trẻ em X24-BĐ-15 màu Vàng	X24-BD-DBX-KID-135	https://static.x24sport.vn/mayaobongro/ao-bong-ro-tre-em-x24-br-15-vang-135.webp	ao-bong-da-tre-em-x24-bd-15-vang-135.webp
4144	ao-bong-da-tre-em-x24-bd-16-den-136	Áo bóng đá trẻ em X24-BĐ-16 màu Đen	X24-BD-DBX-KID-136	https://static.x24sport.vn/mayaobongro/ao-bong-ro-tre-em-x24-br-16-den-136.webp	ao-bong-da-tre-em-x24-bd-16-den-136.webp
4145	ao-bong-da-tre-em-x24-bd-16-do-137	Áo bóng đá trẻ em X24-BĐ-16 màu Đỏ	X24-BD-DBX-KID-137	https://static.x24sport.vn/mayaobongro/ao-bong-ro-tre-em-x24-br-16-do-137.webp	ao-bong-da-tre-em-x24-bd-16-do-137.webp
4146	ao-bong-da-tre-em-x24-bd-16-tim-than-138	Áo bóng đá trẻ em X24-BĐ-16 màu Tím than	X24-BD-DBX-KID-138	https://static.x24sport.vn/mayaobongro/ao-bong-ro-tre-em-x24-br-16-tim-than-138.webp	ao-bong-da-tre-em-x24-bd-16-tim-than-138.webp
4147	ao-bong-da-tre-em-x24-bd-16-trang-139	Áo bóng đá trẻ em X24-BĐ-16 màu Trắng	X24-BD-DBX-KID-139	https://static.x24sport.vn/mayaobongro/ao-bong-ro-tre-em-x24-br-16-trang-139.webp	ao-bong-da-tre-em-x24-bd-16-trang-139.webp
4148	ao-bong-da-tre-em-x24-bd-16-xanh-ngoc-140	Áo bóng đá trẻ em X24-BĐ-16 màu Xanh ngọc	X24-BD-DBX-KID-140	https://static.x24sport.vn/mayaobongro/ao-bong-ro-tre-em-x24-br-16-xanh-ngoc-140.webp	ao-bong-da-tre-em-x24-bd-16-xanh-ngoc-140.webp
4149	ao-bong-da-tre-em-x24-bd-17-cam-141	Áo bóng đá trẻ em X24-BĐ-17 màu Cam	X24-BD-DBX-KID-141	https://static.x24sport.vn/mayaobongro/ao-bong-ro-tre-em-x24-br-17-cam-141.webp	ao-bong-da-tre-em-x24-bd-17-cam-141.webp
4150	ao-bong-da-tre-em-x24-bd-17-hong-142	Áo bóng đá trẻ em X24-BĐ-17 màu Hồng	X24-BD-DBX-KID-142	https://static.x24sport.vn/mayaobongro/ao-bong-ro-tre-em-x24-br-17-hong-142.webp	ao-bong-da-tre-em-x24-bd-17-hong-142.webp
4151	ao-bong-da-tre-em-x24-bd-17-tim-143	Áo bóng đá trẻ em X24-BĐ-17 màu Tím	X24-BD-DBX-KID-143	https://static.x24sport.vn/mayaobongro/ao-bong-ro-tre-em-x24-br-17-tim-143.webp	ao-bong-da-tre-em-x24-bd-17-tim-143.webp
4152	ao-bong-da-tre-em-x24-bd-17-xanh-bich-144	Áo bóng đá trẻ em X24-BĐ-17 màu Xanh bích	X24-BD-DBX-KID-144	https://static.x24sport.vn/mayaobongro/ao-bong-ro-tre-em-x24-br-17-xanh-bich-144.webp	ao-bong-da-tre-em-x24-bd-17-xanh-bich-144.webp
4153	ao-bong-da-tre-em-x24-bd-17-nhieu-mau-145	Áo bóng đá trẻ em X24-BĐ-17 màu Nhiều màu	X24-BD-DBX-KID-145	https://static.x24sport.vn/mayaobongro/ao-bong-ro-tre-em-x24-br-17-nhieu-mau-145.webp	ao-bong-da-tre-em-x24-bd-17-nhieu-mau-145.webp
4154	ao-bong-da-tre-em-x24-bd-18-do-do-146	Áo bóng đá trẻ em X24-BĐ-18 màu Đỏ đô	X24-BD-DBX-KID-146	https://static.x24sport.vn/mayaobongro/ao-bong-ro-tre-em-x24-br-18-do-do-146.webp	ao-bong-da-tre-em-x24-bd-18-do-do-146.webp
4155	ao-bong-da-tre-em-x24-bd-18-hong-147	Áo bóng đá trẻ em X24-BĐ-18 màu Hồng	X24-BD-DBX-KID-147	https://static.x24sport.vn/mayaobongro/ao-bong-ro-tre-em-x24-br-18-hong-147.webp	ao-bong-da-tre-em-x24-bd-18-hong-147.webp
4156	ao-bong-da-tre-em-x24-bd-18-vang-148	Áo bóng đá trẻ em X24-BĐ-18 màu Vàng	X24-BD-DBX-KID-148	https://static.x24sport.vn/mayaobongro/ao-bong-ro-tre-em-x24-br-18-vang-148.webp	ao-bong-da-tre-em-x24-bd-18-vang-148.webp
4157	ao-bong-da-tre-em-x24-bd-18-xanh-la-149	Áo bóng đá trẻ em X24-BĐ-18 màu Xanh lá	X24-BD-DBX-KID-149	https://static.x24sport.vn/mayaobongro/ao-bong-ro-tre-em-x24-br-18-xanh-la-149.webp	ao-bong-da-tre-em-x24-bd-18-xanh-la-149.webp
4158	ao-bong-da-tre-em-x24-bd-18-nhieu-mau-150	Áo bóng đá trẻ em X24-BĐ-18 màu Nhiều màu	X24-BD-DBX-KID-150	https://static.x24sport.vn/mayaobongro/ao-bong-ro-tre-em-x24-br-18-nhieu-mau-150.webp	ao-bong-da-tre-em-x24-bd-18-nhieu-mau-150.webp
4159	ao-bong-da-tre-em-x24-bd-21-cam-151	Áo bóng đá trẻ em X24-BĐ-21 màu Cam	X24-BD-DBX-KID-151	https://static.x24sport.vn/mayaobongro/ao-bong-ro-tre-em-x24-br-21-cam-151.webp	ao-bong-da-tre-em-x24-bd-21-cam-151.webp
4160	ao-bong-da-tre-em-x24-bd-21-do-152	Áo bóng đá trẻ em X24-BĐ-21 màu Đỏ	X24-BD-DBX-KID-152	https://static.x24sport.vn/mayaobongro/ao-bong-ro-tre-em-x24-br-21-do-152.webp	ao-bong-da-tre-em-x24-bd-21-do-152.webp
4161	ao-bong-da-tre-em-x24-bd-21-den-153	Áo bóng đá trẻ em X24-BĐ-21 màu Đen	X24-BD-DBX-KID-153	https://static.x24sport.vn/mayaobongro/ao-bong-ro-tre-em-x24-br-21-den-153.webp	ao-bong-da-tre-em-x24-bd-21-den-153.webp
4162	ao-bong-da-tre-em-x24-bd-21-tim-than-154	Áo bóng đá trẻ em X24-BĐ-21 màu Tím than	X24-BD-DBX-KID-154	https://static.x24sport.vn/mayaobongro/ao-bong-ro-tre-em-x24-br-21-tim-than-154.webp	ao-bong-da-tre-em-x24-bd-21-tim-than-154.webp
4163	ao-bong-da-tre-em-x24-bd-21-xanh-ve-chai-155	Áo bóng đá trẻ em X24-BĐ-21 màu Xanh ve chai	X24-BD-DBX-KID-155	https://static.x24sport.vn/mayaobongro/ao-bong-ro-tre-em-x24-br-21-xanh-ve-chai-155.webp	ao-bong-da-tre-em-x24-bd-21-xanh-ve-chai-155.webp
4164	ao-bong-da-tre-em-x24-bd-22-cam-156	Áo bóng đá trẻ em X24-BĐ-22 màu Cam	X24-BD-DBX-KID-156	https://static.x24sport.vn/mayaobongro/ao-bong-ro-tre-em-x24-br-22-cam-156.webp	ao-bong-da-tre-em-x24-bd-22-cam-156.webp
4165	ao-bong-da-tre-em-x24-bd-22-do-157	Áo bóng đá trẻ em X24-BĐ-22 màu Đỏ	X24-BD-DBX-KID-157	https://static.x24sport.vn/mayaobongro/ao-bong-ro-tre-em-x24-br-22-do-157.webp	ao-bong-da-tre-em-x24-bd-22-do-157.webp
4166	ao-bong-da-tre-em-x24-bd-22-xanh-bich-158	Áo bóng đá trẻ em X24-BĐ-22 màu Xanh bích	X24-BD-DBX-KID-158	https://static.x24sport.vn/mayaobongro/ao-bong-ro-tre-em-x24-br-22-xanh-bich-158.webp	ao-bong-da-tre-em-x24-bd-22-xanh-bich-158.webp
4167	ao-bong-da-tre-em-x24-bd-22-nhieu-mau-159	Áo bóng đá trẻ em X24-BĐ-22 màu Nhiều màu	X24-BD-DBX-KID-159	https://static.x24sport.vn/mayaobongro/ao-bong-ro-tre-em-x24-br-22-nhieu-mau-159.webp	ao-bong-da-tre-em-x24-bd-22-nhieu-mau-159.webp
4168	ao-bong-da-tre-em-x24-bd-22-xanh-ve-chai-160	Áo bóng đá trẻ em X24-BĐ-22 màu Xanh ve chai	X24-BD-DBX-KID-160	https://static.x24sport.vn/mayaobongro/ao-bong-ro-tre-em-x24-br-22-xanh-ve-chai-160.webp	ao-bong-da-tre-em-x24-bd-22-xanh-ve-chai-160.webp
4169	ao-bong-da-tre-em-x24-bd-23-hong-161	Áo bóng đá trẻ em X24-BĐ-23 màu Hồng	X24-BD-DBX-KID-161	https://static.x24sport.vn/mayaobongro/ao-bong-ro-tre-em-x24-br-23-hong-161.webp	ao-bong-da-tre-em-x24-bd-23-hong-161.webp
4170	ao-bong-da-tre-em-x24-bd-23-vang-162	Áo bóng đá trẻ em X24-BĐ-23 màu Vàng	X24-BD-DBX-KID-162	https://static.x24sport.vn/mayaobongro/ao-bong-ro-tre-em-x24-br-23-vang-162.webp	ao-bong-da-tre-em-x24-bd-23-vang-162.webp
4171	ao-bong-da-tre-em-x24-bd-23-den-163	Áo bóng đá trẻ em X24-BĐ-23 màu Đen	X24-BD-DBX-KID-163	https://static.x24sport.vn/mayaobongro/ao-bong-ro-tre-em-x24-br-23-den-163.webp	ao-bong-da-tre-em-x24-bd-23-den-163.webp
4172	ao-bong-da-tre-em-x24-bd-23-xanh-duong-164	Áo bóng đá trẻ em X24-BĐ-23 màu Xanh dương	X24-BD-DBX-KID-164	https://static.x24sport.vn/mayaobongro/ao-bong-ro-tre-em-x24-br-23-xanh-duong-164.webp	ao-bong-da-tre-em-x24-bd-23-xanh-duong-164.webp
4173	ao-bong-da-tre-em-x24-bd-23-xanh-ngoc-165	Áo bóng đá trẻ em X24-BĐ-23 màu Xanh ngọc	X24-BD-DBX-KID-165	https://static.x24sport.vn/mayaobongro/ao-bong-ro-tre-em-x24-br-23-xanh-ngoc-165.webp	ao-bong-da-tre-em-x24-bd-23-xanh-ngoc-165.webp
4174	ao-bong-da-tre-em-x24-bd-24-nhieu-mau-166	Áo bóng đá trẻ em X24-BĐ-24 màu Nhiều màu	X24-BD-DBX-KID-166	https://static.x24sport.vn/mayaobongro/ao-bong-ro-tre-em-x24-br-24-nhieu-mau-166.webp	ao-bong-da-tre-em-x24-bd-24-nhieu-mau-166.webp
4175	ao-bong-da-tre-em-x24-bd-24-do-do-167	Áo bóng đá trẻ em X24-BĐ-24 màu Đỏ đô	X24-BD-DBX-KID-167	https://static.x24sport.vn/mayaobongro/ao-bong-ro-tre-em-x24-br-24-do-do-167.webp	ao-bong-da-tre-em-x24-bd-24-do-do-167.webp
4176	ao-bong-da-tre-em-x24-bd-24-xanh-bich-168	Áo bóng đá trẻ em X24-BĐ-24 màu Xanh bích	X24-BD-DBX-KID-168	https://static.x24sport.vn/mayaobongro/ao-bong-ro-tre-em-x24-br-24-xanh-bich-168.webp	ao-bong-da-tre-em-x24-bd-24-xanh-bich-168.webp
4177	ao-bong-da-tre-em-x24-bd-24-xanh-ngoc-169	Áo bóng đá trẻ em X24-BĐ-24 màu Xanh ngọc	X24-BD-DBX-KID-169	https://static.x24sport.vn/mayaobongro/ao-bong-ro-tre-em-x24-br-24-xanh-ngoc-169.webp	ao-bong-da-tre-em-x24-bd-24-xanh-ngoc-169.webp
4178	ao-bong-da-tre-em-x24-bd-24-xanh-ve-chai-170	Áo bóng đá trẻ em X24-BĐ-24 màu Xanh ve chai	X24-BD-DBX-KID-170	https://static.x24sport.vn/mayaobongro/ao-bong-ro-tre-em-x24-br-24-xanh-ve-chai-170.webp	ao-bong-da-tre-em-x24-bd-24-xanh-ve-chai-170.webp
4179	ao-bong-da-tre-em-x24-bd-1e686e-do-do-171	Áo bóng đá trẻ em mẫu thiết kế riêng màu Đỏ đô	X24-BD-DBX-KID-171	https://static.x24sport.vn/mayaobongro/ao-bong-ro-tre-em-x24-br-1e686e-do-do-171.webp	ao-bong-da-tre-em-x24-bd-1e686e-do-do-171.webp
4180	ao-bong-da-tre-em-x24-bd-66565c-trang-172	Áo bóng đá trẻ em mẫu thiết kế riêng màu Trắng	X24-BD-DBX-KID-172	https://static.x24sport.vn/mayaobongro/ao-bong-ro-tre-em-x24-br-66565c-trang-172.webp	ao-bong-da-tre-em-x24-bd-66565c-trang-172.webp